iter	Logloss
0	0.6352055168
1	0.5819645252
2	0.534398699
3	0.4891722871
4	0.4494089911
5	0.4132459223
6	0.3810839302
7	0.3530388338
8	0.3283989669
9	0.3045436438
10	0.2836623316
11	0.2630189013
12	0.2452495413
13	0.2288161932
14	0.2146589254
15	0.2015321392
16	0.1894594269
17	0.178567403
18	0.170341996
19	0.1612156291
