iter	Logloss
0	0.6830077235
1	0.669374084
2	0.6531849547
3	0.6391545618
4	0.6105203779
5	0.5967218334
6	0.5830153653
7	0.5720520957
8	0.5412540822
9	0.5314594069
