iter	Logloss
0	0.6835654062
1	0.6772292179
2	0.6711796134
3	0.6642368449
4	0.6614978939
5	0.6584834248
6	0.6543338125
7	0.6482918014
8	0.645642571
9	0.6358801975
