iter	Logloss
0	0.1704043958
1	0.06662929489
2	0.04109386656
3	0.02695657822
4	0.01967190877
5	0.01558125935
6	0.01409693824
7	0.0124641459
8	0.01172045513
9	0.01151221859
