iter	Logloss
0	0.1837090067
1	0.09569167257
2	0.0638374319
3	0.04780434738
4	0.03841766707
5	0.03307573988
6	0.03004682143
7	0.02759254876
8	0.02625021164
9	0.02397837473
