iter	Logloss
0	0.6372640983
1	0.5858808225
2	0.5398154121
3	0.4971973714
4	0.4588593265
5	0.423313256
6	0.391251964
7	0.3628584097
8	0.3394077375
9	0.3158836731
10	0.2997224553
11	0.2807971892
12	0.2647423351
13	0.2486125776
14	0.2350122284
15	0.2214903546
16	0.2099671132
17	0.1987678169
18	0.1892577709
19	0.1807897394
