iter	Logloss
0	0.6320914743
1	0.578593137
2	0.5295082728
3	0.4858467505
4	0.4496363523
5	0.4128036675
6	0.3808783588
7	0.3510750619
8	0.3243693119
9	0.3008007492
10	0.2794285324
11	0.2613301646
12	0.2440852608
13	0.2284968872
14	0.2143568292
15	0.201492182
16	0.1897380417
17	0.1792720161
18	0.1699305689
19	0.1614071244
