iter	Logloss
0	0.6321229368
1	0.57695335
2	0.5271760554
3	0.4834480392
4	0.4433422849
5	0.4072638821
6	0.3748317182
7	0.3456906952
8	0.3196853767
9	0.296314647
10	0.2756732552
11	0.257194576
12	0.2412851801
13	0.2258837543
14	0.2125263142
15	0.1998639089
16	0.1883212363
17	0.1779489364
18	0.1685194655
19	0.160179439
